<scene>
	<instance name="sphere" path="models/sphere" />
	<instance name="box" path="models/box" />
	<instance name="inverted-box" path="models/inverted-box" />
	<instance name="cylinder" path="models/cylinder" />
	<instance name="cone" path="models/cone" />
	<image name="checkerboard" path="checkerboard.png" />
	<image name="earthmap" path="earthmap.png" />
	<image name="drshesh" path="drshesh.png" />
	<image name="space" path="hst.jpg" />

	<transform>
	<set>
		<scale>0.7 0.7 0.7</scale>
	</set>
	<group>	
	<transform  name="cabin" >
		<set>
			<scale>1 1 1</scale>
			<translate>100 0 0</translate>
		</set>
		<group>
			<transform>
				<set>
					<rotate>135 0 1 0</rotate>
					<translate>40 0 40</translate>
				</set>
				<group>
					<transform name="chair0">
						<set>
							<translate>-10 0 0 </translate>
						</set>
						<group name="chair">
							<transform name="back">
								<set>
									<scale> 5 20 20 </scale>
								</set>
								<object instanceof="box">
									<material>
										<ambient>0 0 1</ambient>
										<diffuse>1 0 0</diffuse>
										<specular>1 1 1</specular>
										<shininess>20</shininess>
										<!--the following four will be relevant in ray tracer -->
										<absorption>0.5 </absorption>
										<reflection>0.1</reflection>
										<transparency>0.4</transparency>
										<refractive>1.2</refractive>
									</material>                  
								</object>
							</transform>
							<transform name="seat">
								<set>
									<scale> 20 5 20 </scale>        
									<translate>10 -10 0</translate>
								</set>
								<object instanceof="box">
									<material>
										<ambient>0 0 1</ambient>
										<diffuse>1 0 0</diffuse>
										<specular>1 1 1</specular>
										<shininess>20</shininess>
										<!--the following four will be relevant in ray tracer -->
										<absorption>0.5 </absorption>
										<reflection>0.1</reflection>
										<transparency>0.4</transparency>
										<refractive>1.2</refractive>
									</material>
								</object>
							</transform>
							<transform name="post">
								<set>
									<scale> 3 15 3 </scale>
									<translate> 10 -25 0 </translate>
								</set>
								<object instanceof="cylinder" texture="checkerboard" >
									<material>
										<ambient>1 0 0</ambient>
										<diffuse>1 0 0</diffuse>
										<specular>1 1 1</specular>
										<shininess>20</shininess>
										<!--the following four will be relevant in ray tracer -->
										<absorption>0.5 </absorption>
										<reflection>0.1</reflection>
										<transparency>0.4</transparency>
										<refractive>1.2</refractive>
									</material>                
								</object>
							</transform>
						</group>
					</transform>
				</group>
			</transform>
			
			<transform>
				<set>
					<rotate>-135 0 1 0</rotate>
					<translate>40 0 -40 </translate>
				</set>
				<group>
					<transform name="chair1">
						<set>
							<translate>-10 0 0 </translate>
						</set>
						<light>
							<ambient>.2 0.2 0.2</ambient>
							<diffuse>.3 .3 0.3</diffuse>
							<specular>0.8 0.8 0.8</specular>
							<position>15 0 0</position>
							<spotangle>90</spotangle>
							<spotdirection>1 0 0 </spotdirection> 
						</light>
						<group name="chair">
							<transform name="backblack">
								<set>
									<scale> 5 20 20 </scale>
								</set>
								<object instanceof="box">
									<material>
										<ambient>0 0 1</ambient>
										<diffuse>1 0 0</diffuse>
										<specular>1 1 1</specular>
										<shininess>20</shininess>
										<!--the following four will be relevant in ray tracer -->
										<absorption>0.5 </absorption>
										<reflection>0.1</reflection>
										<transparency>0.4</transparency>
										<refractive>1.2</refractive>
									</material>                 
								</object>
							</transform>
							<transform name="seat">
								<set>
									<scale> 20 5 20 </scale>        
									<translate>10 -10 0</translate>
								</set>
								<object instanceof="box">
									<material>
										<ambient>0 0 1</ambient>
										<diffuse>1 0 0</diffuse>
										<specular>1 1 1</specular>
										<shininess>20</shininess>
										<!--the following four will be relevant in ray tracer -->
										<absorption>0.5 </absorption>
										<reflection>0.1</reflection>
										<transparency>0.4</transparency>
										<refractive>1.2</refractive>
									</material>
								</object>
							</transform>
							<transform name="post">
								<set>
									<scale> 3 15 3 </scale>
									<translate> 10 -25 0 </translate>
								</set>
								<object instanceof="cylinder" >
									<material>
										<ambient>1 0 0</ambient>
										<diffuse>1 0 0</diffuse>
										<specular>1 1 1</specular>
										<shininess>20</shininess>
										<!--the following four will be relevant in ray tracer -->
										<absorption>0.5 </absorption>
										<reflection>0.1</reflection>
										<transparency>0.4</transparency>
										<refractive>1.2</refractive>
									</material>                
								</object>
							</transform>
						</group>
					</transform>
				</group>
			</transform>
			
			<transform>
				<set>
					<rotate>-45 0 1 0</rotate>
					<translate>-40 0 -40 </translate>
				</set>
				<group>
					<transform name="chair2">
						<set>
							<translate>-10 0 0 </translate>
						</set>
						<group name="chair">
							<transform name="back">
								<set>
									<scale> 5 20 20 </scale>
								</set>
								<object instanceof="box">
									<material>
										<ambient>0 0 1</ambient>
										<diffuse>1 0 0</diffuse>
										<specular>1 1 1</specular>
										<shininess>20</shininess>
										<!--the following four will be relevant in ray tracer -->
										<absorption>0.5 </absorption>
										<reflection>0.1</reflection>
										<transparency>0.4</transparency>
										<refractive>1.2</refractive>
									</material>                  
								</object>
							</transform>
							<transform name="seat">
								<set>
									<scale> 20 5 20 </scale>        
									<translate>10 -10 0</translate>
								</set>
								<object instanceof="box">
									<material>
										<ambient>0 0 1</ambient>
										<diffuse>1 0 0</diffuse>
										<specular>1 1 1</specular>
										<shininess>20</shininess>
										<!--the following four will be relevant in ray tracer -->
										<absorption>0.5 </absorption>
										<reflection>0.1</reflection>
										<transparency>0.4</transparency>
										<refractive>1.2</refractive>
									</material>
								</object>
							</transform>
							<transform name="post">
								<set>
									<scale> 3 15 3 </scale>
									<translate> 10 -25 0 </translate>
								</set>
								<object instanceof="cylinder">
									<material>
										<ambient>1 0 0</ambient>
										<diffuse>1 0 0</diffuse>
										<specular>1 1 1</specular>
										<shininess>20</shininess>
										<!--the following four will be relevant in ray tracer -->
										<absorption>0.5 </absorption>
										<reflection>0.1</reflection>
										<transparency>0.4</transparency>
										<refractive>1.2</refractive>
									</material>                 
								</object>
							</transform>
						</group>
					</transform>
				</group>
			</transform>
			
			<transform>
				<set>
					<rotate>45 0 1 0</rotate>
					<translate>-40 0 40 </translate>
				</set>
				<group>
					<transform name="chair3" >
						<set>
							<translate>-10 0 0 </translate>
						</set>
						<group name="chair" >
							<transform name="back">
								<set>
									<scale> 5 20 20 </scale>
								</set>
								<object instanceof="box">
									<material>
										<ambient>0 0 1</ambient>
										<diffuse>1 0 0</diffuse>
										<specular>1 1 1</specular>
										<shininess>20</shininess>
										<!--the following four will be relevant in ray tracer -->
										<absorption>0.5 </absorption>
										<reflection>0.1</reflection>
										<transparency>0.4</transparency>
										<refractive>1.2</refractive>
									</material>                  
								</object>
							</transform>
							<transform name="seat">
								<set>
									<scale> 20 5 20 </scale>        
									<translate>10 -10 0</translate>
								</set>
								<object instanceof="box">
									<material>
										<ambient>0 0 1</ambient>
										<diffuse>1 0 0</diffuse>
										<specular>1 1 1</specular>
										<shininess>20</shininess>
										<!--the following four will be relevant in ray tracer -->
										<absorption>0.5 </absorption>
										<reflection>0.1</reflection>
										<transparency>0.4</transparency>
										<refractive>1.2</refractive>
									</material>
								</object>
							</transform>
							<transform name="post">
								<set>
									<scale> 3 15 3 </scale>
									<translate> 10 -25 0 </translate>
								</set>
								<object instanceof="cylinder">
									<material>
											<ambient>1 0 0</ambient>
											<diffuse>1 0 0</diffuse>
											<specular>1 1 1</specular>
											<shininess>20</shininess>
											<!--the following four will be relevant in ray tracer -->
											<absorption>0.5 </absorption>
											<reflection>0.1</reflection>
											<transparency>0.4</transparency>
											<refractive>1.2</refractive>
										</material>                  
								</object>
							</transform>
						</group>
					</transform>
				</group>
			</transform>
			
			<transform name="platform" >
				<set>
					<translate>0 -30 0</translate>
				</set>
				<group name="ride" >
					<transform name="surface">
						<set>
							<scale> 75 5 75 </scale>
						</set>
						<object instanceof="cylinder" >
							<material>
								<ambient>1 0 0</ambient>
								<diffuse>.5 .5 .5</diffuse>
								<specular>.3 .3 .3</specular>
								<shininess>10</shininess>
								<!--the following four will be relevant in ray tracer -->
								<absorption>0.5 </absorption>
								<reflection>0.1</reflection>
								<transparency>0.4</transparency>
								<refractive>1.2</refractive>
							</material>                    
						</object>
					</transform>
				</group>
			</transform>
			
			
			<transform>
				<set>

				</set>

				<transform>
					<set>
						<scale> 10 100 10</scale>
						<translate>0 25 0</translate>
					</set>
					<object instanceof="box" texture="checkerboard">
						<material>
							<ambient>1 0 0</ambient>
							<diffuse>1 0 0</diffuse>
							<specular>1 1 1</specular>
							<shininess>20</shininess>
							<!--the following four will be relevant in ray tracer -->
							<absorption>0.5 </absorption>
							<reflection>0.1</reflection>
							<transparency>0.4</transparency>
							<refractive>1.2</refractive>
						</material>                    
					</object>
				</transform>

			</transform>

		</group>
	</transform>
<transform>
		<set>
			<scale>4 4 4 </scale>
			<translate>-100 -30 0</translate>
		</set>
		
		<group name="ride">
			<group>
				<transform>
					<set>
					</set>
					<group>
						<transform name="base" camera="true">
							<set>
								<scale>10 2 10 </scale>
							</set>
							<object instanceof="cylinder"> 
								<material>
									<ambient>1 0 0</ambient>
									<diffuse>1 0 0</diffuse>
									<specular>1 1 1</specular>
									<shininess>20</shininess>
									<!--the following four will be relevant in ray tracer -->
									<absorption>0.5 </absorption>
									<reflection>0.1</reflection>
									<transparency>0.4</transparency>
									<refractive>1.2</refractive>
								</material>
							</object>
						</transform>
						<transform name="basepole">
							<set>
								<scale>2 15 2 </scale>
								<translate>0 2 0 </translate>
							</set>
							<light>
									<ambient>.2 0.2 0.2</ambient>
									<diffuse>.3 .3 0.3</diffuse>
									<specular>0.8 0.8 0.8</specular>
									<position>0 20 0</position>
									<spotangle>90</spotangle>
									<spotdirection>1 0 0 </spotdirection> 
							</light>
							<object instanceof="cylinder" texture="checkerboard">
								<material>
									<ambient>1 0 0</ambient>
									<diffuse>.5 .5 .5</diffuse>
									<specular>.3 .3 .3</specular>
									<shininess>0</shininess>
									<!--the following four will be relevant in ray tracer -->
									<absorption>0.5 </absorption>
									<reflection>0.1</reflection>
									<transparency>0.4</transparency>
									<refractive>1.2</refractive>
								</material>
							</object>
						</transform>
						<transform name="spinner" >
							<set>
								<translate>0 19 0 </translate>
							</set>
							<group>
								<transform name="top">
									<set>
										<scale>5 4 5 </scale>
									</set>
									<object instanceof="sphere" texture="earthmap" >
										<material>
											<ambient>.1 .2 .3</ambient>
											<diffuse>.5 .5 .5</diffuse>
											<specular>.3 .3 .3</specular>
											<shininess>0</shininess>
											<!--the following four will be relevant in ray tracer -->
											<absorption>0.5 </absorption>
											<reflection>0.1</reflection>
											<transparency>0.4</transparency>
											<refractive>1.2</refractive>
										</material>
									</object>
								</transform>
								<transform>
									<set>
										<rotate>90 1 0 0</rotate>
									</set>
									<group>
										<transform name="pole1">
											<set>
											</set>
											<group name="poleAssembly" >
												<transform>
													<set>
														<!-- Transform pole -->
														<scale>1 20 1 </scale>
													</set>
													<object instanceof="cylinder">
														<material>
																	<ambient>1 0 0</ambient>
																	<diffuse>1 0 0</diffuse>
																	<specular>1 1 1</specular>
																	<shininess>20</shininess>
																	<!--the following four will be relevant in ray tracer -->
																	<absorption>0.5 </absorption>
																	<reflection>0.1</reflection>
																	<transparency>0.4</transparency>
																	<refractive>1.2</refractive>
																</material>
													</object>
												</transform>
												<transform name="chair1"  >
													<set>
														<!-- Transform Chair 1 -->
														<rotate>180 0 0 1</rotate>
														<translate>0 20 0</translate>

														
														
													</set>
														<group>
															<transform name="pendulum_ride"> <!-- move leg into correct position -->
															<set>

																<scale>0.1 0.1 0.1</scale>
																<translate>-10 0 0</translate> 
															</set>
															<group copyof="cabin" />			
														</transform>
														</group>
												</transform>
											</group>
										</transform>
									</group>
								</transform>
								<transform>
									<set>
										<rotate>-180 0 1 0</rotate>
										<rotate>-90 1 0 0</rotate>
									</set>
									<transform name="pole2">
										<set>
										</set>
										<group copyof="poleAssembly" />
									</transform>
								</transform>
								<transform>
									<set>
										<rotate>-90 0 1 0</rotate>
										<rotate>90 0 0 1</rotate>
									</set>
									<transform name="pole3">
										<set>
										</set>
										<group copyof="poleAssembly" />
									</transform>
								</transform>
								<transform>
									<set>
										<rotate>90 0 1 0</rotate>
										<rotate>-90 0 0 1</rotate>
									</set>
									<transform name="pole4">
										<set>
										</set>
										<group copyof="poleAssembly" />
									</transform>
								</transform>
							</group>
						</transform>
					</group>
				</transform>
			</group>
		</group>
	</transform>
	<transform>
		<set>
			<scale>1600 1600 1600</scale>
		</set>
		<object instanceof="inverted-box" texture="drshesh">
			<material>
				<ambient>1 1 1</ambient>
				<diffuse>1 1 1</diffuse>
				<specular>1 1 1</specular>
				<shininess>100</shininess>
			</material>                  
		</object>
	</transform>
</group>
</transform>
</scene>